{
  "accuracy": 0.9401,
  "precision_macro": 0.9401,
  "recall_macro": 0.9401,
  "f1_macro": 0.9401,
  "f1_weighted": 0.9401,
  "per_class": {
    "negative": {
      "precision": 0.9419414770088249,
      "recall": 0.9384544192503471,
      "f1-score": 0.9401947148817803,
      "support": 2161.0
    },
    "positive": {
      "precision": 0.9382257315373896,
      "recall": 0.9417249417249417,
      "f1-score": 0.9399720800372267,
      "support": 2145.0
    },
    "accuracy": 0.9400836042731073,
    "macro avg": {
      "precision": 0.9400836042731073,
      "recall": 0.9400896804876444,
      "f1-score": 0.9400833974595035,
      "support": 4306.0
    },
    "weighted avg": {
      "precision": 0.9400905076553115,
      "recall": 0.9400836042731073,
      "f1-score": 0.9400838110867111,
      "support": 4306.0
    }
  }
}